Date,AAPL,AMZN,MSFT,TSLA
2020-01-02,72.4005126953125,94.90049743652344,152.15838623046875,28.68400001525879
2020-01-03,71.6966323852539,93.74849700927734,150.2637481689453,29.534000396728516
2020-01-06,72.26795959472656,95.14399719238281,150.6521453857422,30.1026668548584
2020-01-07,71.92805480957031,95.34300231933594,149.2785186767578,31.270666122436523
2020-01-08,73.0851058959961,94.59850311279297,151.65635681152344,32.80933380126953
2020-01-09,74.63749694824219,95.05249786376953,153.5509490966797,32.089332580566406
2020-01-10,74.80620574951172,94.15799713134766,152.84046936035156,31.876667022705078
2020-01-13,76.40441131591797,94.56500244140625,154.67828369140625,34.990665435791016
2020-01-14,75.3727035522461,93.47200012207031,153.58883666992188,35.861331939697266
2020-01-15,75.04969024658203,93.10099792480469,154.58351135253906,34.56666564941406
2020-01-16,75.98981475830078,93.89700317382812,157.41604614257812,34.232666015625
2020-01-17,76.83109283447266,93.23600006103516,158.29701232910156,34.03333282470703
2020-01-21,76.3104248046875,94.5999984741211,157.72862243652344,36.47999954223633
2020-01-22,76.58280181884766,94.37300109863281,156.9707489013672,37.97066879272461
2020-01-23,76.95160675048828,94.22899627685547,157.9370574951172,38.14666748046875
2020-01-24,76.72982788085938,93.08200073242188,156.3455352783203,37.654666900634766
2020-01-27,74.47357177734375,91.41699981689453,153.73094177246094,37.201332092285156
2020-01-28,76.58039093017578,92.6624984741211,156.743408203125,37.793331146240234
2020-01-29,78.18341827392578,92.9000015258789,159.1875,38.732666015625
2020-01-30,78.07010650634766,93.53399658203125,163.67776489257812,42.72066879272461
2020-01-31,74.60857391357422,100.43599700927734,161.26211547851562,43.371334075927734
2020-02-03,74.40367126464844,100.20999908447266,165.19354248046875,52.0
2020-02-04,76.86001586914062,102.4834976196289,170.63107299804688,59.137332916259766
2020-02-05,77.48675537109375,101.99349975585938,170.4226837158203,48.97999954223633
2020-02-06,78.39312744140625,102.5114974975586,173.9562225341797,49.930667877197266
2020-02-07,77.32754516601562,103.96399688720703,174.20254516601562,49.871334075927734
2020-02-10,77.69481658935547,106.69550323486328,178.75912475585938,51.41866683959961
2020-02-11,77.2260513305664,107.54000091552734,174.7235565185547,51.62533187866211
2020-02-12,79.05998992919922,108.0,174.97930908203125,51.15266799926758
2020-02-13,78.49701690673828,107.49349975585938,174.03201293945312,53.599998474121094
2020-02-14,78.51632690429688,106.74349975585938,175.5855712890625,53.33533477783203
2020-02-18,77.07868194580078,107.78350067138672,177.3665313720703,57.22666549682617
2020-02-19,78.19499969482422,108.51100158691406,177.89849853515625,61.16133117675781
2020-02-20,77.39279174804688,107.65499877929688,175.1817626953125,59.96066665649414
2020-02-21,75.64102172851562,104.79850006103516,169.643798828125,60.06666564941406
2020-02-24,72.04800415039062,100.4645004272461,162.3295440673828,55.58599853515625
2020-02-25,69.60758972167969,98.63700103759766,159.65081787109375,53.32733154296875
2020-02-26,70.71183776855469,98.97949981689453,161.6456298828125,51.91999816894531
2020-02-27,66.08952331542969,94.21499633789062,150.25619506835938,45.266666412353516
2020-02-28,66.0508804321289,94.1875,153.89437866210938,44.53266525268555
2020-03-02,72.20022583007812,97.69750213623047,164.13436889648438,49.574668884277344
2020-03-03,69.90721893310547,95.44950103759766,156.26913452148438,49.70066833496094
2020-03-04,73.14984130859375,98.79149627685547,162.0065460205078,49.96666717529297
2020-03-05,70.7770767211914,96.20149993896484,157.94090270996094,48.30266571044922
2020-03-06,69.83715057373047,95.05449676513672,153.47642517089844,46.89866638183594
2020-03-09,64.3135757446289,90.03050231933594,143.0748748779297,40.53333282470703
2020-03-10,68.9455337524414,94.59100341796875,152.85897827148438,43.02199935913086
2020-03-11,66.551025390625,91.04299926757812,145.93414306640625,42.28200149536133
2020-03-12,59.97880172729492,83.83049774169922,132.093994140625,37.369998931884766
2020-03-13,67.16476440429688,89.25,150.8736572265625,36.44133377075195
2020-03-16,58.52421569824219,84.4574966430664,128.6363067626953,29.67133331298828
2020-03-17,61.09751892089844,90.39199829101562,139.22784423828125,28.68000030517578
2020-03-18,59.60185623168945,91.5,133.36685180664062,24.08133316040039
2020-03-19,59.14518356323242,94.04650115966797,135.56118774414062,28.50933265686035
2020-03-20,55.390316009521484,92.30449676513672,130.4696807861328,28.50200080871582
2020-03-23,54.21360397338867,95.1415023803711,129.16827392578125,28.952667236328125
2020-03-24,59.65260696411133,97.00499725341797,140.90914916992188,33.66666793823242
2020-03-25,59.323997497558594,94.29199981689453,139.56028747558594,35.95000076293945
2020-03-26,62.44579315185547,97.77449798583984,148.2899627685547,35.21066665649414
2020-03-27,59.86039733886719,95.00499725341797,142.20103454589844,34.29066848754883
2020-03-30,61.56869888305664,98.19750213623047,152.20352172851562,33.47533416748047
2020-03-31,61.443050384521484,97.48600006103516,149.80978393554688,34.93333435058594
2020-04-01,58.21010208129883,95.38500213623047,144.49026489257812,32.104000091552734
2020-04-02,59.181419372558594,95.94149780273438,147.4824981689453,30.29800033569336
2020-04-03,58.33091354370117,95.32949829101562,146.12416076660156,32.000667572021484
2020-04-06,63.419551849365234,99.87950134277344,156.99107360839844,34.41600036621094
2020-04-07,62.68501281738281,100.58000183105469,155.30023193359375,36.36333465576172
2020-04-08,64.28939819335938,102.1500015258789,156.85809326171875,36.589332580566406
2020-04-09,64.7533187866211,102.13800048828125,156.86758422851562,38.20000076293945
2020-04-13,66.02428436279297,108.44349670410156,157.21902465820312,43.39666748046875
2020-04-14,69.35872650146484,114.16600036621094,164.998779296875,47.32600021362305
2020-04-15,68.72565460205078,115.38400268554688,163.2699432373047,48.65533447265625
2020-04-16,69.27173614501953,120.40950012207031,168.17144775390625,49.680667877197266
2020-04-17,68.33179473876953,118.75,169.65333557128906,50.259334564208984
2020-04-20,66.91345977783203,119.68049621582031,166.2906494140625,49.75733184814453
2020-04-21,64.84513854980469,116.40599822998047,159.413330078125,45.781333923339844
2020-04-22,66.7129135131836,118.17449951171875,164.8278045654297,48.807334899902344
2020-04-23,66.45438385009766,119.97250366210938,162.83299255371094,47.04199981689453
2020-04-24,68.3729019165039,120.51100158691406,165.80616760253906,48.34333419799805
2020-04-27,68.42121124267578,118.80000305175781,165.33123779296875,53.25
2020-04-28,67.31214141845703,115.7040023803711,161.30361938476562,51.27466583251953
2020-04-29,69.52302551269531,118.635498046875,168.54193115234375,53.367332458496094
2020-04-30,70.98969268798828,123.69999694824219,170.23277282714844,52.12533187866211
2020-05-01,69.8468017578125,114.302001953125,165.82522583007812,46.75466537475586
2020-05-04,70.8350601196289,115.79949951171875,169.8813018798828,50.74599838256836
2020-05-05,71.89820861816406,115.88999938964844,171.70509338378906,51.2140007019043
2020-05-06,72.64000701904297,117.56300354003906,173.3959503173828,52.172000885009766
2020-05-07,73.39144897460938,118.38050079345703,174.4028778076172,52.00266647338867
2020-05-08,75.13829803466797,118.98049926757812,175.42872619628906,54.62799835205078
2020-05-11,76.32063293457031,120.44999694824219,177.38555908203125,54.08599853515625
2020-05-12,75.44841003417969,117.84750366210938,173.367431640625,53.96066665649414
2020-05-13,74.53742218017578,118.39600372314453,170.74571228027344,52.73066711425781
2020-05-14,74.99533081054688,119.44249725341797,171.4866485595703,53.55533218383789
2020-05-15,74.55197143554688,120.48899841308594,173.98489379882812,53.27799987792969
2020-05-18,76.30851745605469,121.31300354003906,175.64723205566406,54.242000579833984
2020-05-19,75.8675765991211,122.46649932861328,174.43133544921875,53.867332458496094
2020-05-20,77.34303283691406,124.89700317382812,176.850830078125,54.37066650390625
2020-05-21,76.76641845703125,122.33699798583984,174.72665405273438,55.17333221435547
2020-05-22,77.26068115234375,121.84400177001953,174.80284118652344,54.45866775512695
2020-05-26,76.73734283447266,121.09300231933594,172.95486450195312,54.591331481933594
2020-05-27,77.07168579101562,120.51950073242188,173.1835479736328,54.68199920654297
2020-05-28,77.10559844970703,120.05500030517578,172.7929229736328,53.72066879272461
2020-05-29,77.03050231933594,122.11849975585938,174.55520629882812,55.66666793823242
2020-06-01,77.9778060913086,123.552001953125,174.15509033203125,59.87333297729492
2020-06-02,78.33879852294922,123.62049865722656,176.13645935058594,58.770668029785156
2020-06-03,78.77008819580078,123.91999816894531,176.56507873535156,58.86399841308594
2020-06-04,78.09169006347656,123.02999877929688,174.24082946777344,57.62533187866211
2020-06-05,80.31582641601562,124.1500015258789,178.31776428222656,59.04399871826172
2020-06-08,80.79068756103516,126.2030029296875,179.4227294921875,63.327999114990234
2020-06-09,83.34186553955078,130.04299926757812,180.79441833496094,62.711334228515625
2020-06-10,85.486083984375,132.37249755859375,187.50038146972656,68.336669921875
2020-06-11,81.3818588256836,127.89800262451172,177.43191528320312,64.85600280761719
2020-06-12,82.08445739746094,127.2509994506836,178.8321990966797,62.35200119018555
2020-06-15,83.09961700439453,128.63400268554688,179.9751739501953,66.05999755859375
2020-06-16,85.30193328857422,130.7635040283203,184.38552856445312,65.47533416748047
2020-06-17,85.1832046508789,132.0489959716797,185.02371215820312,66.11933135986328
2020-06-18,85.21714782714844,132.69900512695312,187.00506591796875,66.9306640625
2020-06-19,84.73014831542969,133.75050354003906,185.8905487060547,66.72666931152344
2020-06-22,86.947021484375,135.6909942626953,191.05340576171875,66.28800201416016
2020-06-23,88.80289459228516,138.2205047607422,192.32981872558594,66.78533172607422
2020-06-24,87.23533630371094,136.72000122070312,188.4529571533203,64.0566635131836
2020-06-25,88.39342498779297,137.72900390625,190.83425903320312,65.73200225830078
2020-06-26,85.6774673461914,134.64349365234375,187.0145721435547,63.982666015625
2020-06-29,87.65204620361328,134.0189971923828,189.02447509765625,67.29000091552734
2020-06-30,88.38373565673828,137.9409942626953,193.85389709472656,71.98733520507812
2020-07-01,88.2165756225586,143.93499755859375,194.9874267578125,74.64199829101562
2020-07-02,88.2165756225586,144.51499938964844,196.47341918945312,80.57733154296875
2020-07-06,90.57637786865234,152.8520050048828,200.70272827148438,91.43866729736328
2020-07-07,90.29532623291016,150.00599670410156,198.36898803710938,92.65733337402344
2020-07-08,92.39833068847656,154.0554962158203,202.73165893554688,91.05867004394531
2020-07-09,92.795654296875,159.13150024414062,204.15097045898438,92.9520034790039
2020-07-10,92.95797729492188,160.0,203.5318603515625,102.97666931152344
2020-07-13,92.52914428710938,155.1999969482422,197.24502563476562,99.80400085449219
2020-07-14,94.06035614013672,154.1999969482422,198.4642333984375,101.12000274658203
2020-07-15,94.70726013183594,150.44349670410156,198.1689453125,103.06732940673828
2020-07-16,93.5418701171875,149.9949951171875,194.2444610595703,100.04266357421875
2020-07-17,93.35289001464844,148.09849548339844,193.25376892089844,100.05599975585938
2020-07-20,95.32020568847656,159.8419952392578,201.56002807617188,109.53333282470703
2020-07-21,94.00465393066406,156.9145050048828,198.8452606201172,104.55733489990234
2020-07-22,94.26870727539062,154.99549865722656,201.70294189453125,106.15533447265625
2020-07-23,89.97795104980469,149.32749938964844,192.92991638183594,100.87133026123047
2020-07-24,89.75504302978516,150.44549560546875,191.748779296875,94.46666717529297
2020-07-27,91.88226318359375,152.760498046875,194.17776489257812,102.63999938964844
2020-07-28,90.37286376953125,150.01649475097656,192.4346160888672,98.43267059326172
2020-07-29,92.10515594482422,151.67649841308594,194.37777709960938,99.94066619873047
2020-07-30,93.21964263916016,152.593994140625,194.22537231445312,99.16600036621094
2020-07-31,102.97868347167969,158.23399353027344,195.28273010253906,95.38400268554688
2020-08-03,105.57352447509766,155.59449768066406,206.26564025878906,99.0
2020-08-04,106.27853393554688,156.94149780273438,203.16986083984375,99.13333129882812
2020-08-05,106.66377258300781,160.25149536132812,202.83644104003906,99.00133514404297
2020-08-06,110.38517761230469,161.25,206.0846710205078,99.30533599853516
2020-08-07,107.87548065185547,158.3730010986328,202.3982696533203,96.84733581542969
2020-08-10,109.44344329833984,157.4080047607422,198.36898803710938,94.57133483886719
2020-08-11,106.1885986328125,154.0334930419922,193.73004150390625,91.6259994506836
2020-08-12,109.71772766113281,158.11199951171875,199.264404296875,103.65066528320312
2020-08-13,111.65945434570312,158.05099487304688,198.797607421875,108.06666564941406
2020-08-14,111.55992126464844,157.4010009765625,198.98812866210938,110.04733276367188
2020-08-17,111.2686767578125,159.12049865722656,200.3026885986328,122.3759994506836
2020-08-18,112.19586181640625,165.62449645996094,201.45523071289062,125.80599975585938
2020-08-19,112.33663177490234,163.0240020751953,200.2330322265625,125.23533630371094
2020-08-20,114.82935333251953,164.86849975585938,204.89273071289062,133.45533752441406
2020-08-21,120.74677276611328,164.23599243164062,203.40318298339844,136.6653289794922
2020-08-24,122.19092559814453,165.3730010986328,204.04290771484375,134.27999877929688
2020-08-25,121.18850708007812,167.32449340820312,206.6973876953125,134.8893280029297
2020-08-26,122.83654022216797,172.09249877929688,211.16615295410156,143.54466247558594
2020-08-27,121.36811065673828,170.0,216.35098266601562,149.25
2020-08-28,121.17151641845703,170.08999633789062,218.57579040527344,147.55999755859375
2020-08-31,125.28070831298828,172.54800415039062,215.34835815429688,166.10667419433594
2020-09-01,130.27099609375,174.95599365234375,217.0098419189453,158.35000610351562
2020-09-02,127.57196044921875,176.57249450683594,221.19210815429688,149.1233367919922
2020-09-03,117.35843658447266,168.39999389648438,207.48995971679688,135.6666717529297
2020-09-04,117.43611145019531,164.7310028076172,204.57760620117188,139.44000244140625
2020-09-08,109.53324890136719,157.49200439453125,193.51089477539062,110.06999969482422
2020-09-09,113.90214538574219,163.4304962158203,201.75125122070312,122.09333038330078
2020-09-10,110.18373107910156,158.7554931640625,196.09852600097656,123.77999877929688
2020-09-11,108.73713684082031,155.81100463867188,194.8190460205078,124.23999786376953
2020-09-14,111.9992446899414,155.14849853515625,196.13673400878906,139.8733367919922
2020-09-15,112.17400360107422,157.80650329589844,199.35455322265625,149.9199981689453
2020-09-16,108.86336517333984,153.90499877929688,195.79295349121094,147.25332641601562
2020-09-17,107.12551879882812,150.43649291992188,193.74957275390625,141.14332580566406
2020-09-18,103.72747802734375,147.74549865722656,191.34335327148438,147.38333129882812
2020-09-21,106.8730697631836,148.02349853515625,193.39625549316406,149.79666137695312
2020-09-22,108.55268096923828,156.44949340820312,198.0559539794922,141.41000366210938
2020-09-23,103.99932861328125,149.9929962158203,191.53431701660156,126.78666687011719
2020-09-24,105.0672607421875,150.989501953125,194.0169219970703,129.26333618164062
2020-09-25,109.00897979736328,154.75650024414062,198.43788146972656,135.77999877929688
2020-09-28,111.61090087890625,158.70249938964844,199.98477172851562,140.39999389648438
2020-09-29,110.76625061035156,157.24400329589844,197.90316772460938,139.69000244140625
2020-09-30,112.4361343383789,157.43649291992188,200.83460998535156,143.00332641601562
2020-10-01,113.38760375976562,161.06300354003906,202.8684539794922,149.3866729736328
2020-10-02,109.72742462158203,156.25,196.88148498535156,138.3633270263672
2020-10-05,113.10603332519531,159.9600067138672,200.88232421875,141.89332580566406
2020-10-06,109.86334228515625,154.9980010986328,196.61415100097656,137.9933319091797
2020-10-07,111.72743225097656,159.7845001220703,200.3572235107422,141.76666259765625
2020-10-08,111.62060546875,159.52749633789062,201.07333374023438,141.97332763671875
2020-10-09,113.56234741210938,164.33250427246094,206.06719970703125,144.6666717529297
2020-10-12,120.77589416503906,172.14649963378906,211.40484619140625,147.43333435058594
2020-10-13,117.572021484375,172.18150329589844,212.79891967773438,148.88333129882812
2020-10-14,117.65940856933594,168.1855010986328,210.88926696777344,153.76666259765625
2020-10-15,117.1933822631836,166.9324951171875,209.74342346191406,149.6266632080078
2020-10-16,115.55261993408203,163.635498046875,209.74342346191406,146.55667114257812
2020-10-19,112.60120391845703,160.36050415039062,204.54898071289062,143.61000061035156
2020-10-20,114.08660888671875,160.85049438476562,204.95956420898438,140.64666748046875
2020-10-21,113.46527099609375,159.2469940185547,205.1028289794922,140.8800048828125
2020-10-22,112.37788391113281,158.82000732421875,205.18873596191406,141.92999267578125
2020-10-23,111.68859100341797,160.22000122070312,206.46824645996094,140.2100067138672
2020-10-26,111.69829559326172,160.3520050048828,200.59593200683594,140.0933380126953
2020-10-27,113.2031478881836,164.31649780273438,203.62277221679688,141.55999755859375
2020-10-28,107.96043395996094,158.13900756835938,193.5299835205078,135.33999633789062
2020-10-29,111.9604263305664,160.55050659179688,195.4778594970703,136.94332885742188
2020-10-30,105.6886215209961,151.8074951171875,193.32943725585938,129.34666442871094
2020-11-02,105.6012191772461,150.2239990234375,193.19577026367188,133.50332641601562
2020-11-03,107.22259521484375,152.42050170898438,197.1107177734375,141.3000030517578
2020-11-04,111.6011962890625,162.05799865722656,206.6210479736328,140.32666015625
2020-11-05,115.56231689453125,166.10000610351562,213.20953369140625,146.02999877929688
2020-11-06,115.4310531616211,165.56849670410156,213.62010192871094,143.31666564941406
2020-11-09,113.12610626220703,157.18699645996094,208.5307159423828,140.4199981689453
2020-11-10,112.78572082519531,151.75100708007812,201.48391723632812,136.7866668701172
2020-11-11,116.20906829833984,156.8695068359375,206.7738037109375,139.0433349609375
2020-11-12,115.93675231933594,155.51400756835938,205.71389770507812,137.25332641601562
2020-11-13,115.98540496826172,156.4405059814453,206.73561096191406,136.1666717529297
2020-11-16,116.99684143066406,156.55299377441406,207.42311096191406,136.02999877929688
2020-11-17,116.11183166503906,156.7830047607422,204.77813720703125,147.20333862304688
2020-11-18,114.78916931152344,155.2729949951172,202.0784149169922,162.2133331298828
2020-11-19,115.3824234008789,155.8509979248047,203.36126708984375,166.42333984375
2020-11-20,114.11811065673828,154.97000122070312,201.41786193847656,163.20333862304688
2020-11-23,110.72393035888672,154.91949462890625,201.14974975585938,173.9499969482422
2020-11-24,112.00768280029297,155.9029998779297,204.73985290527344,185.1266632080078
2020-11-25,112.84407806396484,159.2534942626953,204.7494354248047,191.3333282470703
2020-11-27,113.38867950439453,159.76699829101562,206.0514373779297,195.25332641601562
2020-11-30,115.78115844726562,158.40199279785156,204.94088745117188,189.1999969482422
2020-12-01,119.35038757324219,161.00399780273438,206.98963928222656,194.9199981689453
2020-12-02,119.70050811767578,160.17649841308594,206.1854705810547,189.60667419433594
2020-12-03,119.56434631347656,159.3365020751953,205.10366821289062,197.7933349609375
2020-12-04,118.89329528808594,158.12899780273438,205.2185516357422,199.67999267578125
2020-12-07,120.35211181640625,157.89999389648438,205.15150451660156,213.9199981689453
2020-12-08,120.96481323242188,158.864501953125,206.79818725585938,216.6266632080078
2020-12-09,118.43620300292969,155.2100067138672,202.76768493652344,201.4933319091797
2020-12-10,119.85612487792969,155.07449340820312,201.5423126220703,209.02333068847656
2020-12-11,119.04891204833984,155.8209991455078,204.1654510498047,203.3300018310547
2020-12-14,118.43620300292969,157.84849548339844,205.06536865234375,213.27667236328125
2020-12-15,124.36870574951172,158.25599670410156,204.99838256835938,211.0833282470703
2020-12-16,124.30061340332031,162.04800415039062,209.92872619628906,207.58999633789062
2020-12-17,125.16617584228516,161.8040008544922,210.062744140625,218.63333129882812
2020-12-18,123.18218994140625,160.08250427246094,209.26812744140625,231.6666717529297
2020-12-21,124.70909118652344,160.3090057373047,213.09756469726562,216.6199951171875
2020-12-22,128.25888061523438,160.3260040283203,214.3900146484375,213.44667053222656
2020-12-23,127.36418151855469,159.2635040283203,211.5945281982422,215.32666015625
2020-12-24,128.34640502929688,158.63450622558594,213.25074768066406,220.58999633789062
2020-12-28,132.9368438720703,164.197998046875,215.3665008544922,221.22999572753906
2020-12-29,131.16676330566406,166.10000610351562,214.59104919433594,221.99667358398438
2020-12-30,130.04833984375,164.29249572753906,212.22634887695312,231.5933380126953
2020-12-31,129.04664611816406,162.84649658203125,212.93484497070312,235.22332763671875
2021-01-04,125.85670471191406,159.3314971923828,208.40655517578125,243.2566680908203
2021-01-05,127.4127197265625,160.92550659179688,208.6075897216797,245.0366668701172
2021-01-06,123.12387084960938,156.91900634765625,203.198486328125,251.9933319091797
2021-01-07,127.32524871826172,158.10800170898438,208.98095703125,272.0133361816406
2021-01-08,128.42422485351562,159.13499450683594,210.25421142578125,293.3399963378906
2021-01-11,125.43849182128906,155.7104949951172,208.215087890625,270.39666748046875
2021-01-12,125.26343536376953,156.04150390625,205.7642059326172,283.14666748046875
2021-01-13,127.29606628417969,158.29449462890625,207.1140594482422,284.8033447265625
2021-01-14,125.37042999267578,156.37350463867188,203.93569946289062,281.6666564941406
2021-01-15,123.64901733398438,155.21249389648438,203.58143615722656,275.38665771484375
2021-01-19,124.320068359375,156.03799438476562,207.20985412597656,281.51666259765625
2021-01-20,128.40472412109375,163.16900634765625,214.77291870117188,283.48333740234375
2021-01-21,133.11184692382812,165.34950256347656,215.37608337402344,281.663330078125
2021-01-22,135.25143432617188,164.6114959716797,216.31427001953125,282.21331787109375
2021-01-25,138.99574279785156,164.6999969482422,219.74163818359375,293.6000061035156
2021-01-26,139.22914123535156,166.30650329589844,222.4221954345703,294.36334228515625
2021-01-27,138.1593475341797,161.62899780273438,222.96788024902344,288.0533447265625
2021-01-28,133.32582092285156,161.88099670410156,228.74073791503906,278.4766540527344
2021-01-29,128.33668518066406,160.30999755859375,222.0679931640625,264.510009765625
2021-02-01,130.45681762695312,167.1439971923828,229.43006896972656,279.9366760253906
2021-02-02,131.2834930419922,169.0,229.29600524902344,290.92999267578125
2021-02-03,130.26234436035156,165.62649536132812,232.63717651367188,284.89666748046875
2021-02-04,133.6175537109375,166.5500030517578,231.68936157226562,283.3299865722656
2021-02-05,133.20362854003906,167.6074981689453,231.8712921142578,284.07666015625
2021-02-08,133.3497314453125,166.14700317382812,232.12977600097656,287.8066711425781
2021-02-09,132.47311401367188,165.25,233.37435913085938,283.1533203125
2021-02-10,131.8692626953125,164.32899475097656,232.46482849121094,268.2733459472656
2021-02-11,131.6160125732422,163.10650634765625,234.0636749267578,270.5533447265625
2021-02-12,131.8497772216797,163.885498046875,234.5423126220703,272.0400085449219
2021-02-16,129.72647094726562,163.44749450683594,233.30731201171875,265.40667724609375
2021-02-17,127.43759155273438,165.4320068359375,234.32440185546875,266.04998779296875
2021-02-18,126.33697509765625,166.4114990234375,233.93104553222656,262.4599914550781
2021-02-19,126.49281311035156,162.4949951171875,231.2250518798828,260.4333190917969
2021-02-22,122.72344207763672,159.03700256347656,225.02630615234375,238.1666717529297
2021-02-23,122.58708190917969,159.72500610351562,223.83641052246094,232.94667053222656
2021-02-24,122.09034729003906,157.97650146484375,225.064697265625,247.33999633789062
2021-02-25,117.84370422363281,152.85800170898438,219.7295684814453,227.4066619873047
2021-02-26,118.10668182373047,154.64649963378906,222.9824981689453,225.1666717529297
2021-03-01,124.4668960571289,157.3070068359375,227.3580780029297,239.47666931152344
2021-03-02,121.86631774902344,154.72650146484375,224.41220092773438,228.81333923339844
2021-03-03,118.88590240478516,150.25,218.35740661621094,217.73333740234375
2021-03-04,117.00608825683594,148.8784942626953,217.5609588623047,207.14666748046875
2021-03-05,118.26253509521484,150.0229949951172,222.23402404785156,199.31666564941406
2021-03-08,113.33412170410156,147.59750366210938,218.1942596435547,187.6666717529297
2021-03-09,117.94110870361328,153.1425018310547,224.32583618164062,224.52667236328125
2021-03-10,116.8600082397461,152.8820037841797,223.02084350585938,222.68666076660156
2021-03-11,118.78850555419922,155.67950439453125,227.54037475585938,233.1999969482422
2021-03-12,117.8826904296875,154.47450256347656,226.2161865234375,231.2433319091797
2021-03-15,120.76570129394531,154.08399963378906,225.31417846679688,235.97999572753906
2021-03-16,122.30462646484375,154.59300231933594,228.09690856933594,225.6266632080078
2021-03-17,121.51570892333984,156.7864990234375,227.45401000976562,233.93666076660156
2021-03-18,117.39568328857422,151.39950561523438,221.38961791992188,217.72000122070312
2021-03-19,116.86972045898438,153.7480010986328,221.03457641601562,218.2899932861328
2021-03-22,120.18130493164062,155.5435028076172,226.44647216796875,223.3333282470703
2021-03-23,119.35342407226562,156.875,227.97215270996094,220.72000122070312
2021-03-24,116.96710968017578,154.35350036621094,225.93785095214844,210.08999633789062
2021-03-25,117.45413208007812,152.31300354003906,222.944091796875,213.4633331298828
2021-03-26,118.05801391601562,152.60150146484375,226.91664123535156,206.23666381835938
2021-03-29,118.23332214355469,153.7864990234375,225.72683715820312,203.76333618164062
2021-03-30,116.78205108642578,152.76449584960938,222.47389221191406,211.8733367919922
2021-03-31,118.97357177734375,154.70399475097656,226.23536682128906,222.64332580566406
2021-04-01,119.80145263671875,158.0500030517578,232.54928588867188,220.5833282470703
2021-04-05,122.62604522705078,161.3365020751953,238.9975128173828,230.35000610351562
2021-04-06,122.927978515625,161.1909942626953,237.83642578125,230.5399932861328
2021-04-07,124.57402038574219,163.96949768066406,239.79393005371094,223.6566619873047
2021-04-08,126.97004699707031,164.96499633789062,243.0084991455078,227.93333435058594
2021-04-09,129.5414276123047,168.61000061035156,245.50332641601562,225.67333984375
2021-04-12,127.82715606689453,168.96949768066406,245.5609130859375,233.9933319091797
2021-04-13,130.93423461914062,170.0,248.03659057617188,254.10667419433594
2021-04-14,128.5966033935547,166.64999389648438,245.25379943847656,244.07666015625
2021-04-15,131.00241088867188,168.95449829101562,249.00570678710938,246.28334045410156
2021-04-16,130.67124938964844,169.9720001220703,250.19554138183594,246.5933380126953
2021-04-19,131.33355712890625,168.60049438476562,248.27642822265625,238.2100067138672
2021-04-20,129.64852905273438,166.7344970703125,247.81585693359375,239.663330078125
2021-04-21,130.02841186523438,168.1009979248047,250.04205322265625,248.0399932861328
2021-04-22,128.50897216796875,165.45199584960938,246.76995849609375,239.89666748046875
2021-04-23,130.82711791992188,167.04400634765625,250.5890350341797,243.13333129882812
2021-04-26,131.21665954589844,170.4499969482422,250.97280883789062,246.06666564941406
2021-04-27,130.89524841308594,170.8715057373047,251.3758544921875,234.913330078125
2021-04-28,130.10633850097656,172.9250030517578,244.2655029296875,231.46665954589844
2021-04-29,130.00894165039062,173.5655059814453,242.29837036132812,225.6666717529297
2021-04-30,128.04147338867188,173.37100219726562,241.9817352294922,236.47999572753906
2021-05-03,129.0933380126953,169.32449340820312,241.6746826171875,228.3000030517578
2021-05-04,124.52533721923828,165.593505859375,237.76927185058594,224.53334045410156
2021-05-05,124.76882934570312,163.52699279785156,236.50265502929688,223.64666748046875
2021-05-06,126.36617279052734,165.31849670410156,239.6307830810547,221.17999267578125
2021-05-07,127.03936767578125,164.58050537109375,242.2504425048828,224.1233367919922
2021-05-10,123.76119232177734,159.52450561523438,237.18392944335938,209.67999267578125
2021-05-11,122.8440933227539,161.19549560546875,236.27232360839844,205.73333740234375
2021-05-12,119.7805404663086,157.5970001220703,229.33473205566406,196.6300048828125
2021-05-13,121.9269790649414,158.07350158691406,233.20176696777344,190.56333923339844
2021-05-14,124.34658813476562,161.14500427246094,238.1147003173828,196.5800018310547
2021-05-17,123.19532012939453,163.51950073242188,235.26480102539062,192.27667236328125
2021-05-18,121.80989837646484,161.61399841308594,233.24974060058594,192.6233367919922
2021-05-19,121.65379333496094,161.58999633789062,233.82679748535156,187.82000732421875
2021-05-20,124.20999908447266,162.38400268554688,237.05836486816406,195.5933380126953
2021-05-21,122.37578582763672,160.1540069580078,235.79847717285156,193.6266632080078
2021-05-24,124.00509643554688,162.24949645996094,241.19403076171875,202.14666748046875
2021-05-25,123.80998229980469,162.95249938964844,242.0980682373047,201.56333923339844
2021-05-26,123.76119232177734,163.25799560546875,241.8769073486328,206.3766632080078
2021-05-27,122.22943115234375,161.5054931640625,239.78018188476562,210.28334045410156
2021-05-28,121.57575225830078,161.15350341796875,240.1360321044922,208.4066619873047
2021-06-01,121.2537841796875,160.9324951171875,237.94317626953125,207.96665954589844
2021-06-02,122.01478576660156,161.69949340820312,237.84703063964844,201.7066650390625
2021-06-03,120.53179931640625,159.35049438476562,236.31787109375,190.94667053222656
2021-06-04,122.82457733154297,160.31100463867188,241.20362854003906,199.68333435058594
2021-06-07,122.83433532714844,159.90049743652344,244.10816955566406,201.7100067138672
2021-06-08,123.65386962890625,163.20550537109375,242.91561889648438,201.19667053222656
2021-06-09,124.03438568115234,164.0574951171875,243.89662170410156,199.5933380126953
2021-06-10,123.03921508789062,167.4824981689453,247.4070587158203,203.3733367919922
2021-06-11,124.2490234375,167.3415069580078,248.0321807861328,203.29666137695312
2021-06-14,127.30280303955078,169.19349670410156,249.955810546875,205.89666748046875
2021-06-15,126.48328399658203,169.156494140625,248.4842529296875,199.7866668701172
2021-06-16,126.98084259033203,170.7624969482422,247.54168701171875,201.6233367919922
2021-06-17,128.5808868408203,174.46200561523438,250.92718505859375,205.53334045410156
2021-06-18,127.2833023071289,174.34500122070312,249.51339721679688,207.77000427246094
2021-06-21,129.0784912109375,172.697998046875,252.5910186767578,206.94332885742188
2021-06-22,130.7176055908203,175.27200317382812,255.3610076904297,207.90333557128906
2021-06-23,130.44439697265625,175.1909942626953,255.130126953125,218.85667419433594
2021-06-24,130.1614532470703,172.45399475097656,256.4958190917969,226.60667419433594
2021-06-25,129.86874389648438,170.072998046875,254.8896942138672,223.9566650390625
2021-06-28,131.4980926513672,172.1945037841797,258.4482421875,229.57333374023438
2021-06-29,133.01036071777344,172.40699768066406,261.0257873535156,226.9199981689453
2021-06-30,133.62503051757812,172.00799560546875,260.5449523925781,226.56666564941406
2021-07-01,133.92745971679688,171.64849853515625,261.2181701660156,225.97332763671875
2021-07-02,136.5519256591797,175.5489959716797,267.036865234375,226.3000030517578
2021-07-06,138.56178283691406,183.78700256347656,267.0465393066406,219.86000061035156
2021-07-07,141.04974365234375,184.82899475097656,269.229736328125,214.88333129882812
2021-07-08,139.75209045410156,186.57049560546875,266.8157043457031,217.60333251953125
2021-07-09,141.57655334472656,185.9669952392578,267.3157958984375,218.98333740234375
2021-07-12,140.98143005371094,185.92750549316406,266.71954345703125,228.56666564941406
2021-07-13,142.09364318847656,183.8679962158203,270.23968505859375,222.84666442871094
2021-07-14,145.5181884765625,184.08399963378906,271.71112060546875,217.7933349609375
2021-07-15,144.864501953125,181.55999755859375,270.2876892089844,216.86666870117188
2021-07-16,142.82540893554688,178.68150329589844,270.01837158203125,214.74000549316406
2021-07-19,138.98135375976562,177.47950744628906,266.42138671875,215.4066619873047
2021-07-20,142.59127807617188,178.6595001220703,268.64312744140625,220.1666717529297
2021-07-21,141.85952758789062,179.25999450683594,270.6435546875,218.42999267578125
2021-07-22,143.22543334960938,181.90150451660156,275.20245361328125,216.4199981689453
2021-07-23,144.94252014160156,182.83200073242188,278.5975036621094,214.4600067138672
2021-07-26,145.36212158203125,184.99099731445312,278.0011291503906,219.2066650390625
2021-07-27,143.19615173339844,181.3195037841797,275.5870361328125,214.92666625976562
2021-07-28,141.44973754882812,181.51600646972656,275.279296875,215.66000366210938
2021-07-29,142.09364318847656,179.99600219726562,275.5487060546875,225.78334045410156
2021-07-30,142.30831909179688,166.37950134277344,274.0193786621094,229.06666564941406
2021-08-02,141.97659301757812,166.57400512695312,273.9328918457031,236.55667114257812
2021-08-03,143.77178955078125,168.31199645996094,276.14495849609375,236.5800018310547
2021-08-04,143.3717498779297,167.73599243164062,275.5582275390625,236.97332763671875
2021-08-05,143.4790802001953,168.79949951171875,278.4531555175781,238.2100067138672
2021-08-06,142.7950897216797,167.2469940185547,278.3955078125,233.03334045410156
2021-08-09,142.74624633789062,167.093505859375,277.30865478515625,237.9199981689453
2021-08-10,142.26747131347656,166.03399658203125,275.49090576171875,236.663330078125
2021-08-11,142.52151489257812,164.60549926757812,275.9814758300781,235.94000244140625
2021-08-12,145.48219299316406,165.1750030517578,278.7320861816406,240.75
2021-08-13,145.68740844726562,164.69850158691406,281.6558837890625,239.05667114257812
2021-08-16,147.6611328125,164.94949340820312,283.3390197753906,228.72332763671875
2021-08-17,146.75241088867188,162.09800720214844,281.8770446777344,221.90333557128906
2021-08-18,143.01007080078125,160.06100463867188,280.1522521972656,229.663330078125
2021-08-19,143.34228515625,159.3874969482422,285.97247314453125,224.49000549316406
2021-08-20,144.7981719970703,159.99749755859375,293.28631591796875,226.75332641601562
2021-08-23,146.28343200683594,163.2935028076172,293.5657653808594,235.43333435058594
2021-08-24,146.1954345703125,165.28900146484375,291.6097412109375,236.163330078125
2021-08-25,144.96429443359375,164.95899963378906,291.02191162109375,237.06666564941406
2021-08-26,144.16307067871094,165.8000030517578,288.20806884765625,233.72000122070312
2021-08-27,145.1988067626953,167.48150634765625,288.8151550292969,237.30667114257812
2021-08-30,149.61534118652344,171.07850646972656,292.5443115234375,243.6366729736328
2021-08-31,148.3549041748047,173.5395050048828,290.8965759277344,245.24000549316406
2021-09-01,149.01930236816406,173.9499969482422,290.8483581542969,244.69667053222656
2021-09-02,150.1332244873047,173.156005859375,290.1931457519531,244.1300048828125
2021-09-03,150.76834106445312,173.90249633789062,290.1835021972656,244.52333068847656
2021-09-07,153.10365295410156,175.46449279785156,289.2584228515625,250.97332763671875
2021-09-08,151.55979919433594,176.27499389648438,289.28729248046875,251.2899932861328
2021-09-09,150.54360961914062,174.20799255371094,286.4350280761719,251.6199951171875
2021-09-10,145.5603485107422,173.45750427246094,284.9510803222656,245.42333984375
2021-09-13,146.12705993652344,172.85850524902344,286.1844482421875,247.6666717529297
2021-09-14,144.72979736328125,172.5,288.8827209472656,248.163330078125
2021-09-15,145.6189727783203,173.7895050048828,293.7296142578125,251.94332885742188
2021-09-16,145.3844451904297,174.41200256347656,294.11505126953125,252.3300018310547
2021-09-17,142.71694946289062,173.12600708007812,288.9596862792969,253.163330078125
2021-09-20,139.6683807373047,167.7864990234375,283.5923767089844,243.38999938964844
2021-09-21,140.1471405029297,167.18150329589844,284.07415771484375,246.4600067138672
2021-09-22,142.5117950439453,169.00250244140625,287.7166442871094,250.64666748046875
2021-09-23,143.4693145751953,170.8000030517578,288.66094970703125,251.2133331298828
2021-09-24,143.55726623535156,171.2760009765625,288.4586181640625,258.1300048828125
2021-09-27,142.04273986816406,170.2899932861328,283.467041015625,263.78668212890625
2021-09-28,138.66197204589844,165.79800415039062,273.2045593261719,259.1866760253906
2021-09-29,139.56088256835938,165.05599975585938,273.6671142578125,260.4366760253906
2021-09-30,138.26133728027344,164.2519989013672,271.662841796875,258.49334716796875
2021-10-01,139.38497924804688,164.16299438476562,278.58154296875,258.40667724609375
2021-10-04,135.95535278320312,159.48899841308594,272.80950927734375,260.510009765625
2021-10-05,137.88026428222656,161.0500030517578,278.2539367675781,260.1966552734375
2021-10-06,138.74989318847656,163.10049438476562,282.4456481933594,260.9166564941406
2021-10-07,140.01036071777344,165.1215057373047,284.1222839355469,264.53668212890625
2021-10-08,139.62925720214844,164.43099975585938,284.1222839355469,261.8299865722656
2021-10-11,139.5413360595703,162.31500244140625,283.5248718261719,263.9800109863281
2021-10-12,138.27113342285156,162.3665008544922,282.2239685058594,268.5733337402344
2021-10-13,137.68482971191406,164.21400451660156,285.5292053222656,270.3599853515625
2021-10-14,140.46957397460938,164.9929962158203,291.73492431640625,272.7733459472656
2021-10-15,141.5248565673828,170.4510040283203,293.1417541503906,281.010009765625
2021-10-18,143.1957550048828,172.33700561523438,296.1097717285156,290.03668212890625
2021-10-19,145.35511779785156,172.20750427246094,297.0155334472656,288.0899963378906
2021-10-20,145.84368896484375,170.7530059814453,296.2253723144531,288.6000061035156
2021-10-21,146.0586700439453,171.75050354003906,299.4535217285156,298.0
2021-10-22,145.28672790527344,166.77749633789062,297.91168212890625,303.2266540527344
2021-10-25,145.23788452148438,166.01849365234375,296.9192199707031,341.6199951171875
2021-10-26,145.9022979736328,168.80349731445312,298.8271484375,339.4766540527344
2021-10-27,145.44308471679688,169.62449645996094,311.4120178222656,345.9533386230469
2021-10-28,149.0779266357422,172.32850646972656,312.54901123046875,359.0133361816406
2021-10-29,146.37132263183594,168.6215057373047,319.5545654296875,371.3333435058594
2021-11-01,145.55056762695312,165.90550231933594,317.3863830566406,402.86334228515625
2021-11-02,146.5863037109375,165.6374969482422,321.00958251953125,390.6666564941406
2021-11-03,148.0226593017578,169.1999969482422,321.8479309082031,404.6199951171875
2021-11-04,147.5048065185547,173.85000610351562,324.1991882324219,409.9700012207031
2021-11-05,148.03318786621094,175.94949340820312,323.8329772949219,407.36334228515625
2021-11-08,147.21124267578125,174.44900512695312,324.7291259765625,387.64666748046875
2021-11-09,147.57330322265625,178.81149291992188,323.7270202636719,341.1666564941406
2021-11-10,144.74530029296875,174.1024932861328,318.7643737792969,355.98333740234375
2021-11-11,144.69635009765625,173.625,320.3351135253906,354.5033264160156
2021-11-12,146.77090454101562,176.25750732421875,324.4689636230469,344.47332763671875
2021-11-15,146.78067016601562,177.28399658203125,323.8426513671875,337.7966613769531
2021-11-16,147.75921630859375,177.03500366210938,327.157470703125,351.57666015625
2021-11-17,150.1957550048828,177.4499969482422,327.3794860839844,363.0033264160156
2021-11-18,154.4817657470703,184.80299377441406,329.4550476074219,365.4599914550781
2021-11-19,157.10421752929688,183.82850646972656,331.2313232421875,379.0199890136719
2021-11-22,157.5641326904297,178.6284942626953,328.0649108886719,385.6233215332031
2021-11-23,157.94581604003906,179.0019989013672,325.9893493652344,369.6766662597656
2021-11-24,158.46438598632812,179.02049255371094,326.2113952636719,372.0
2021-11-26,153.4445037841797,175.22799682617188,318.2663269042969,360.6400146484375
2021-11-29,156.80087280273438,178.07850646972656,324.97564697265625,378.9966735839844
2021-11-30,161.75230407714844,175.35350036621094,319.1448059082031,381.586669921875
2021-12-01,161.23370361328125,172.18600463867188,318.6524658203125,365.0
2021-12-02,160.24533081054688,171.8679962158203,318.0828857421875,361.5333251953125
2021-12-03,158.36654663085938,169.489501953125,311.8272399902344,338.3233337402344
2021-12-06,161.77191162109375,171.36849975585938,314.8971252441406,336.336669921875
2021-12-07,167.50608825683594,176.1645050048828,323.3249816894531,350.5833435058594
2021-12-08,171.3223876953125,176.1580047607422,323.3731689453125,356.32000732421875
2021-12-09,170.81356811523438,174.17100524902344,321.56787109375,334.6000061035156
2021-12-10,175.59860229492188,172.21200561523438,330.68109130859375,339.010009765625
2021-12-13,171.96823120117188,169.5675048828125,327.64984130859375,322.13665771484375
2021-12-14,170.58851623535156,169.0915069580078,316.97271728515625,319.5033264160156
2021-12-15,175.4518280029297,173.31500244140625,323.0642395019531,325.3299865722656
2021-12-16,168.5629425048828,168.87100219726562,313.6518249511719,308.97332763671875
2021-12-17,167.4669189453125,170.0175018310547,312.58984375,310.8566589355469
2021-12-20,166.1068115234375,167.07899475097656,308.8345642089844,299.9800109863281
2021-12-21,169.27728271484375,170.41700744628906,315.95904541015625,312.84332275390625
2021-12-22,171.870361328125,171.03700256347656,321.66448974609375,336.2900085449219
2021-12-23,172.49664306640625,171.06849670410156,323.1029052734375,355.6666564941406
2021-12-27,176.45977783203125,169.66949462890625,330.59423828125,364.64666748046875
2021-12-28,175.44200134277344,170.66099548339844,329.43572998046875,362.8233337402344
2021-12-29,175.53012084960938,169.2010040283203,330.11151123046875,362.0633239746094
2021-12-30,174.37542724609375,168.64450073242188,327.57257080078125,356.7799987792969
2021-12-31,173.75897216796875,166.7169952392578,324.6764221191406,352.260009765625
2022-01-03,178.10365295410156,170.4044952392578,323.1607971191406,399.9266662597656
2022-01-04,175.8432159423828,167.52200317382812,317.6195068359375,383.1966552734375
2022-01-05,171.1658172607422,164.35699462890625,305.4267272949219,362.7066650390625
2022-01-06,168.30848693847656,163.25399780273438,303.0133361816406,354.8999938964844
2022-01-07,168.47483825683594,162.5540008544922,303.16778564453125,342.32000732421875
2022-01-10,168.49440002441406,161.48599243164062,303.3898010253906,352.7066650390625
2022-01-11,171.3223876953125,165.36199951171875,304.0752258300781,354.79998779296875
2022-01-12,171.76272583007812,165.20700073242188,307.2513732910156,368.739990234375
2022-01-13,168.49440002441406,161.21400451660156,294.2476501464844,343.85333251953125
2022-01-14,169.35556030273438,162.13800048828125,299.4607849121094,349.8699951171875
2022-01-18,166.1557159423828,158.91749572753906,292.172119140625,343.5033264160156
2022-01-19,162.662353515625,156.2989959716797,292.8285827636719,331.8833312988281
2022-01-20,160.97921752929688,151.66749572753906,291.158447265625,332.0899963378906
2022-01-21,158.92430114746094,142.64300537109375,285.7812805175781,314.6333312988281
2022-01-24,158.15126037597656,144.54400634765625,286.1094970703125,310.0
2022-01-25,156.35076904296875,139.98599243164062,278.50238037109375,306.1333312988281
2022-01-26,156.2626953125,138.87249755859375,286.437744140625,312.4700012207031
2022-01-27,155.8027801513672,139.6374969482422,289.4593811035156,276.3666687011719
2022-01-28,166.67434692382812,143.97799682617188,297.5879211425781,282.1166687011719
2022-01-31,171.02883911132812,149.57350158691406,300.2137451171875,312.239990234375
2022-02-01,170.8624725341797,151.19349670410156,298.0706481933594,310.4166564941406
2022-02-02,172.06613159179688,150.6125030517578,302.6079406738281,301.88665771484375
2022-02-03,169.18917846679688,138.8455047607422,290.82061767578125,297.0466613769531
2022-02-04,168.90504455566406,157.63949584960938,295.3481750488281,307.7733459472656
2022-02-07,168.18983459472656,157.9355010986328,290.53094482421875,302.4466552734375
2022-02-08,171.2957305908203,161.4134979248047,294.0159912109375,307.3333435058594
2022-02-09,172.7164306640625,161.1894989013672,300.4357604980469,310.6666564941406
2022-02-10,168.64048767089844,159.0034942626953,291.91143798828125,301.51666259765625
2022-02-11,165.23086547851562,153.2935028076172,284.8255920410156,286.6666564941406
2022-02-14,165.4660186767578,155.16700744628906,284.78692626953125,291.9200134277344
2022-02-15,169.29696655273438,156.510498046875,290.06756591796875,307.4766540527344
2022-02-16,169.0618438720703,158.10049438476562,289.7289733886719,307.7966613769531
2022-02-17,165.4660186767578,154.65249633789062,281.2451477050781,292.1166687011719
2022-02-18,163.91793823242188,152.60150146484375,278.5364685058594,285.6600036621094
2022-02-22,160.99822998046875,150.19749450683594,278.3333435058594,273.84332275390625
2022-02-23,156.83409118652344,144.82699584960938,271.1263732910156,254.67999267578125
2022-02-24,159.45010375976562,151.35800170898438,284.9791259765625,266.92333984375
2022-02-25,161.51744079589844,153.7884979248047,287.6103820800781,269.9566650390625
2022-02-28,161.78201293945312,153.56300354003906,289.04217529296875,290.1433410644531
2022-03-01,159.9008331298828,151.14199829101562,285.3274230957031,288.1233215332031
2022-03-02,163.1929168701172,152.05250549316406,290.3965148925781,293.2966613769531
2022-03-03,162.8695831298828,147.89849853515625,286.2657470703125,279.7633361816406
2022-03-04,159.87142944335938,145.64100646972656,280.40350341796875,279.42999267578125
2022-03-07,156.0797119140625,137.4530029296875,269.8106994628906,268.1933288574219
2022-03-08,154.25729370117188,136.01449584960938,266.8505859375,274.79998779296875
2022-03-09,159.6558837890625,139.2790069580078,279.0878601074219,286.3233337402344
2022-03-10,155.31546020507812,146.8175048828125,276.2728271484375,279.4333190917969
2022-03-11,151.60205078125,145.52450561523438,270.9328918457031,265.1166687011719
2022-03-14,147.57513427734375,141.85299682617188,267.4213562011719,255.4566650390625
2022-03-15,151.9547576904297,147.3665008544922,277.78192138671875,267.2966613769531
2022-03-16,156.36383056640625,153.10400390625,284.7857360839844,280.07666015625
2022-03-17,157.3730010986328,157.23899841308594,285.588623046875,290.5333251953125
2022-03-18,160.6650848388672,161.25050354003906,290.62872314453125,301.7966613769531
2022-03-21,162.0367889404297,161.4915008544922,289.4000549316406,307.0533447265625
2022-03-22,165.40721130371094,164.88900756835938,294.1401672363281,331.32666015625
2022-03-23,166.76913452148438,163.4080047607422,289.7193298339844,333.03668212890625
2022-03-24,170.5511016845703,163.64950561523438,294.1789245605469,337.97332763671875
2022-03-25,171.18795776367188,164.77349853515625,293.7725830078125,336.8800048828125
2022-03-28,172.05015563964844,168.99049377441406,300.56365966796875,363.9466552734375
2022-03-29,175.3422393798828,169.31500244140625,305.1199645996094,366.5233459472656
2022-03-30,174.17628479003906,166.30099487304688,303.6204833984375,364.663330078125
2022-03-31,171.08018493652344,162.99749755859375,298.2515869140625,359.20001220703125
2022-04-01,170.78622436523438,163.55999755859375,299.3254089355469,361.5299987792969
2022-04-04,174.832763671875,168.34649658203125,304.69427490234375,381.8166809082031
2022-04-05,171.52105712890625,164.05499267578125,300.7377014160156,363.7533264160156
2022-04-06,168.3563690185547,158.75599670410156,289.7289733886719,348.586669921875
2022-04-07,168.66012573242188,157.7845001220703,291.53802490234375,352.4200134277344
2022-04-08,166.65151977539062,154.4604949951172,287.281494140625,341.8299865722656
2022-04-11,162.3992919921875,151.1219940185547,275.9536437988281,325.30999755859375
2022-04-12,164.27069091796875,150.78750610351562,272.85797119140625,328.98333740234375
2022-04-13,166.95529174804688,155.54100036621094,278.236572265625,340.7900085449219
2022-04-14,161.94857788085938,151.7064971923828,270.70068359375,328.3333435058594
2022-04-18,161.73301696777344,152.78500366210938,271.3681335449219,334.7633361816406
2022-04-19,164.01593017578125,158.11549377441406,275.9922180175781,342.7166748046875
2022-04-20,163.84934997558594,153.9980010986328,277.01763916015625,325.73333740234375
2022-04-21,163.0557403564453,148.29600524902344,271.64874267578125,336.260009765625
2022-04-22,158.5193634033203,144.35000610351562,265.08990478515625,335.01666259765625
2022-04-25,159.58729553222656,146.07400512695312,271.5616455078125,332.67333984375
2022-04-26,153.63023376464844,139.39100646972656,261.404296875,292.1400146484375
2022-04-27,153.4048309326172,138.16700744628906,273.9800720214844,293.836669921875
2022-04-28,160.33192443847656,144.59649658203125,280.1809387207031,292.5033264160156
2022-04-29,154.46302795410156,124.28150177001953,268.4660339355469,290.2533264160156
2022-05-02,154.7667999267578,124.5,275.1893005371094,300.9800109863281
2022-05-03,156.2560577392578,124.25350189208984,272.58709716796875,303.0833435058594
2022-05-04,162.66383361816406,125.92849731445312,280.5196228027344,317.5400085449219
2022-05-05,153.600830078125,116.40699768066406,268.3016357421875,291.09332275390625
2022-05-06,154.3269500732422,114.77249908447266,265.76708984375,288.54998779296875
2022-05-09,149.20494079589844,108.78900146484375,255.94818115234375,262.3699951171875
2022-05-10,151.6089324951172,108.85900115966797,260.70770263671875,266.67999267578125
2022-05-11,143.74932861328125,105.37200164794922,252.0497283935547,244.6666717529297
2022-05-12,139.88330078125,106.93049621582031,247.0193634033203,242.6666717529297
2022-05-13,144.34788513183594,113.05500030517578,252.60107421875,256.5299987792969
2022-05-16,142.80735778808594,110.81050109863281,252.96871948242188,241.4566650390625
2022-05-17,146.43788146972656,115.36849975585938,258.115234375,253.8699951171875
2022-05-18,138.1759796142578,107.11250305175781,246.36326599121094,236.60333251953125
2022-05-19,134.77114868164062,107.31900024414062,245.45181274414062,236.47332763671875
2022-05-20,135.00662231445312,107.59100341796875,244.88943481445312,221.3000030517578
2022-05-23,140.42295837402344,107.55699920654297,252.7337646484375,224.96665954589844
2022-05-24,137.72462463378906,104.0999984741211,251.73501586914062,209.3866729736328
2022-05-25,137.88157653808594,106.7750015258789,254.54693603515625,219.60000610351562
2022-05-26,141.0804443359375,111.07749938964844,257.8242492675781,235.91000366210938
2022-05-27,146.83038330078125,115.14649963378906,264.9413757324219,253.2100067138672
2022-05-31,146.04539489746094,120.20950317382812,263.61297607421875,252.75332641601562
2022-06-01,145.9178009033203,121.68399810791016,264.1462707519531,246.7899932861328
2022-06-02,148.3709259033203,125.51100158691406,266.2406311035156,258.3333435058594
2022-06-03,142.65036010742188,122.3499984741211,261.81915283203125,234.51666259765625
2022-06-06,143.39610290527344,124.79000091552734,260.58770751953125,238.27999877929688
2022-06-07,145.9178009033203,123.0,264.2238464355469,238.8866729736328
2022-06-08,145.1819610595703,121.18000030517578,262.1973571777344,241.86666870117188
2022-06-09,139.96180725097656,116.1500015258789,256.7480163574219,239.7066650390625
2022-06-10,134.55523681640625,109.6500015258789,245.30638122558594,232.22999572753906
2022-06-13,129.4038543701172,103.66999816894531,234.9022674560547,215.73666381835938
2022-06-14,130.2672882080078,102.30999755859375,237.06454467773438,220.88999938964844
2022-06-15,132.88717651367188,107.66999816894531,244.11373901367188,233.0
2022-06-16,127.61798095703125,103.66000366210938,237.52996826171875,213.10000610351562
2022-06-17,129.08982849121094,106.22000122070312,240.1285400390625,216.75999450683594
2022-06-21,133.31890869140625,108.68000030517578,246.03359985351562,237.0366668701172
2022-06-22,132.8086700439453,108.94999694824219,245.44215393066406,236.086669921875
2022-06-23,135.67388916015625,112.44000244140625,250.99806213378906,235.07000732421875
2022-06-24,139.00021362304688,116.45999908447266,259.5696716308594,245.7066650390625
2022-06-27,139.00021362304688,113.22000122070312,256.8449401855469,244.9199981689453
2022-06-28,134.8594512939453,107.4000015258789,248.69039916992188,232.663330078125
2022-06-29,136.61582946777344,108.91999816894531,252.3555908203125,228.49000549316406
2022-06-30,134.1529541015625,106.20999908447266,249.0297393798828,224.47332763671875
2022-07-01,136.32144165039062,109.55999755859375,251.6962127685547,227.26333618164062
2022-07-05,138.90208435058594,113.5,254.86691284179688,233.06666564941406
2022-07-06,140.23654174804688,114.33000183105469,258.1248474121094,231.73333740234375
2022-07-07,143.60215759277344,116.33000183105469,260.2483215332031,244.5433349609375
2022-07-08,144.27920532226562,115.54000091552734,259.5308532714844,250.76333618164062
2022-07-11,142.14991760253906,111.75,256.4765319824219,234.3433380126953
2022-07-12,143.12135314941406,109.22000122070312,245.9657440185547,233.07000732421875
2022-07-13,142.75830078125,110.4000015258789,245.04458618164062,237.0399932861328
2022-07-14,145.6823272705078,110.62999725341797,246.36326599121094,238.31333923339844
2022-07-15,147.3503875732422,113.55000305175781,248.923095703125,240.06666564941406
2022-07-18,144.30862426757812,113.76000213623047,246.52810668945312,240.54666137695312
2022-07-19,148.1648406982422,118.20999908447266,251.6477508544922,245.52999877929688
2022-07-20,150.16653442382812,122.7699966430664,254.3045196533203,247.5
2022-07-21,152.43316650390625,124.62999725341797,256.79644775390625,271.7066650390625
2022-07-22,151.1968231201172,122.41999816894531,252.45249938964844,272.24334716796875
2022-07-25,150.07821655273438,121.13999938964844,250.96897888183594,268.4333190917969
2022-07-26,148.7535400390625,114.80999755859375,244.2494659423828,258.8599853515625
2022-07-27,153.8461151123047,120.97000122070312,260.5780334472656,274.82000732421875
2022-07-28,154.39561462402344,122.27999877929688,268.0150451660156,280.8999938964844
2022-07-29,159.458740234375,134.9499969482422,272.21356201171875,297.1499938964844
2022-08-01,158.4774932861328,135.38999938964844,269.5664978027344,297.27667236328125
2022-08-02,157.0056915283203,134.16000366210938,266.473388671875,300.586669921875
2022-08-03,163.01077270507812,139.52000427246094,273.8909912109375,307.39666748046875
2022-08-04,162.69677734375,142.57000732421875,275.03521728515625,308.6333312988281
2022-08-05,162.47076416015625,140.8000030517578,274.3176574707031,288.1700134277344
2022-08-08,161.99913024902344,139.41000366210938,271.8063049316406,290.42333984375
2022-08-09,162.0482635498047,137.8300018310547,273.7261962890625,283.3333435058594
2022-08-10,166.29302978515625,142.69000244140625,280.3778076171875,294.3566589355469
2022-08-11,165.55609130859375,140.63999938964844,278.3027648925781,286.6300048828125
2022-08-12,169.1032257080078,143.5500030517578,283.0442810058594,300.0299987792969
2022-08-15,170.1742401123047,143.17999267578125,284.5570068359375,309.32000732421875
2022-08-16,170.0170440673828,144.77999877929688,283.82000732421875,306.5633239746094
2022-08-17,171.51058959960938,142.10000610351562,283.07183837890625,303.9966735839844
2022-08-18,171.11753845214844,142.3000030517578,281.95440673828125,302.8699951171875
2022-08-19,168.53330993652344,138.22999572753906,278.04815673828125,296.6666564941406
2022-08-22,164.65211486816406,133.22000122070312,269.88604736328125,289.913330078125
2022-08-23,164.31802368164062,133.6199951171875,268.6131591796875,296.4533386230469
2022-08-24,164.61282348632812,133.8000030517578,267.9815673828125,297.0966796875
2022-08-25,167.06930541992188,137.27999877929688,270.954833984375,296.07000732421875
2022-08-26,160.77090454101562,130.75,260.4995422363281,288.0899963378906
2022-08-29,158.5699005126953,129.7899932861328,257.72052001953125,284.82000732421875
2022-08-30,156.14291381835938,128.72999572753906,255.52452087402344,277.70001220703125
2022-08-31,154.48233032226562,126.7699966430664,254.06695556640625,275.6099853515625
2022-09-01,155.20947265625,127.81999969482422,253.02725219726562,277.1600036621094
2022-09-02,153.09686279296875,127.51000213623047,248.81016540527344,270.2099914550781
2022-09-06,151.8391876220703,126.11000061035156,246.0796661376953,274.4200134277344
2022-09-07,153.24427795410156,129.47999572753906,250.7826385498047,283.70001220703125
2022-09-08,151.77041625976562,129.82000732421875,251.20046997070312,289.260009765625
2022-09-09,154.62973022460938,133.27000427246094,256.9723205566406,299.67999267578125
2022-09-12,160.584228515625,136.4499969482422,259.10028076171875,304.4200134277344
2022-09-13,151.16119384765625,126.81999969482422,244.8553924560547,292.1300048828125
2022-09-14,152.6055908203125,128.5500030517578,245.07888793945312,302.6099853515625
2022-09-15,149.7167510986328,126.27999877929688,238.43252563476562,303.75
2022-09-16,148.07586669921875,123.52999877929688,237.8106689453125,303.3500061035156
2022-09-19,151.79002380371094,124.66000366210938,237.5968780517578,309.07000732421875
2022-09-20,154.1679229736328,122.19000244140625,235.58546447753906,308.7300109863281
2022-09-21,151.0432891845703,118.54000091552734,232.1845703125,300.79998779296875
2022-09-22,150.0803680419922,117.30999755859375,234.1571044921875,288.5899963378906
2022-09-23,147.810546875,113.77999877929688,231.18374633789062,275.3299865722656
2022-09-26,148.1446533203125,115.1500015258789,230.72703552246094,276.010009765625
2022-09-27,149.1173858642578,114.41000366210938,229.7165069580078,282.94000244140625
2022-09-28,147.23085021972656,118.01000213623047,234.2445526123047,287.80999755859375
2022-09-29,139.99900817871094,114.80000305175781,230.77561950683594,268.2099914550781
2022-09-30,135.7935333251953,113.0,226.30584716796875,265.25
2022-10-03,139.96954345703125,115.87999725341797,233.92391967773438,242.39999389648438
2022-10-04,143.5559844970703,121.08999633789062,241.8334503173828,249.44000244140625
2022-10-05,143.8507537841797,120.94999694824219,242.14434814453125,240.80999755859375
2022-10-06,142.89764404296875,120.30000305175781,239.80259704589844,238.1300048828125
2022-10-07,137.65061950683594,114.55999755859375,227.60792541503906,223.07000732421875
2022-10-10,137.97488403320312,113.66999816894531,222.75924682617188,222.9600067138672
2022-10-11,136.55996704101562,112.20999908447266,219.02796936035156,216.5
2022-10-12,135.93109130859375,112.9000015258789,219.3583221435547,217.24000549316406
2022-10-13,140.5001220703125,112.52999877929688,227.60792541503906,221.72000122070312
2022-10-14,135.9703826904297,106.9000015258789,222.0887451171875,204.99000549316406
2022-10-17,139.93023681640625,113.79000091552734,230.80477905273438,219.35000610351562
2022-10-18,141.24688720703125,116.36000061035156,231.747314453125,220.19000244140625
2022-10-19,141.35499572753906,115.06999969482422,229.7845001220703,222.0399932861328
2022-10-20,140.89312744140625,115.25,229.4638671875,207.27999877929688
2022-10-21,144.70559692382812,119.31999969482422,235.26480102539062,214.44000244140625
2022-10-24,146.84762573242188,119.81999969482422,240.24960327148438,211.25
2022-10-25,149.68731689453125,120.5999984741211,243.56300354003906,222.4199981689453
2022-10-26,146.74940490722656,115.66000366210938,224.7705841064453,224.63999938964844
2022-10-27,142.2786102294922,110.95999908447266,220.3300018310547,225.08999633789062
2022-10-28,153.02810668945312,103.41000366210938,229.1917724609375,228.52000427246094
2022-10-31,150.66989135742188,102.44000244140625,225.55767822265625,227.5399932861328
2022-11-01,148.02671813964844,96.79000091552734,221.70977783203125,227.82000732421875
2022-11-02,142.50457763671875,92.12000274658203,213.8683319091797,214.97999572753906
2022-11-03,136.46168518066406,89.30000305175781,208.1839141845703,215.30999755859375
2022-11-04,136.19595336914062,90.9800033569336,215.12176513671875,207.47000122070312
2022-11-07,136.72743225097656,90.52999877929688,221.41831970214844,197.0800018310547
2022-11-08,137.2982635498047,89.9800033569336,222.38998413085938,191.3000030517578
2022-11-09,132.74134826660156,86.13999938964844,218.1534423828125,177.58999633789062
2022-11-10,144.5519256591797,96.62999725341797,236.10047912597656,190.72000122070312
2022-11-11,147.33729553222656,100.79000091552734,240.113525390625,195.97000122070312
2022-11-14,145.939697265625,98.48999786376953,234.7109832763672,190.9499969482422
2022-11-15,147.67189025878906,98.94000244140625,235.11907958984375,194.4199981689453
2022-11-16,146.441650390625,97.12000274658203,235.54779052734375,186.9199981689453
2022-11-17,148.34117126464844,94.8499984741211,235.4990692138672,183.1699981689453
2022-11-18,148.90219116210938,94.13999938964844,235.0508575439453,180.19000244140625
2022-11-21,145.6739501953125,92.45999908447266,235.85963439941406,167.8699951171875
2022-11-22,147.8096923828125,93.19999694824219,238.76341247558594,169.91000366210938
2022-11-23,148.6856689453125,94.12999725341797,241.2482147216797,183.1999969482422
2022-11-25,145.7723846435547,93.41000366210938,241.16050720214844,182.86000061035156
2022-11-28,141.94378662109375,93.94999694824219,235.57701110839844,182.9199981689453
2022-11-29,138.94192504882812,92.41999816894531,234.18360900878906,180.8300018310547
2022-11-30,145.6936492919922,96.54000091552734,248.61483764648438,194.6999969482422
2022-12-01,145.96920776367188,95.5,248.17636108398438,194.6999969482422
2022-12-02,145.4770965576172,94.12999725341797,248.49794006347656,194.86000061035156
2022-12-05,144.31573486328125,91.01000213623047,243.8011932373047,182.4499969482422
2022-12-06,140.65443420410156,88.25,238.85113525390625,179.82000732421875
2022-12-07,138.7155303955078,88.45999908447266,238.12030029296875,174.0399932861328
2022-12-08,140.3985595703125,90.3499984741211,241.07281494140625,173.44000244140625
2022-12-09,139.91629028320312,89.08999633789062,239.1434326171875,179.0500030517578
2022-12-12,142.20950317382812,90.55000305175781,246.05209350585938,167.82000732421875
2022-12-13,143.17404174804688,92.48999786376953,250.349365234375,160.9499969482422
2022-12-14,140.94973754882812,91.58000183105469,250.64163208007812,156.8000030517578
2022-12-15,134.34561157226562,88.44999694824219,242.64163208007812,157.6699981689453
2022-12-16,132.38702392578125,87.86000061035156,238.43209838867188,150.22999572753906
2022-12-19,130.28077697753906,84.91999816894531,234.30055236816406,149.8699951171875
2022-12-20,130.2119140625,85.19000244140625,235.6160430908203,137.8000030517578
2022-12-21,133.31219482421875,86.7699966430664,238.17877197265625,137.57000732421875
2022-12-22,130.1429901123047,83.79000091552734,232.0983428955078,125.3499984741211
2022-12-23,129.77886962890625,85.25,232.62454223632812,123.1500015258789
2022-12-27,127.97772979736328,83.04000091552734,230.89979553222656,109.0999984741211
2022-12-28,124.05071258544922,81.81999969482422,228.53196716308594,112.70999908447266
2022-12-29,127.56436157226562,84.18000030517578,234.8462371826172,121.81999969482422
2022-12-30,127.87931060791016,84.0,233.6866455078125,123.18000030517578
2023-01-03,123.09602355957031,85.81999969482422,233.45278930664062,108.0999984741211
2023-01-04,124.36567687988281,85.13999938964844,223.24082946777344,113.63999938964844
2023-01-05,123.04681396484375,83.12000274658203,216.6244659423828,110.33999633789062
2023-01-06,127.57420349121094,86.08000183105469,219.177490234375,113.05999755859375
2023-01-09,128.0958251953125,87.36000061035156,221.3114471435547,119.7699966430664
2023-01-10,128.6667022705078,89.87000274658203,222.99722290039062,118.8499984741211
2023-01-11,131.38316345214844,95.08999633789062,229.740234375,123.22000122070312
2023-01-12,131.30441284179688,95.2699966430664,232.41017150878906,123.55999755859375
2023-01-13,132.6331024169922,98.12000274658203,233.1117401123047,122.4000015258789
2023-01-17,133.79446411132812,96.05000305175781,234.20310974121094,131.49000549316406
2023-01-18,133.0759735107422,95.45999908447266,229.7792205810547,128.77999877929688
2023-01-19,133.13502502441406,93.68000030517578,225.99842834472656,127.16999816894531
2023-01-20,135.6939697265625,97.25,234.076416015625,133.4199981689453
2023-01-23,138.8828582763672,97.5199966430664,236.3760986328125,143.75
2023-01-24,140.2804718017578,96.31999969482422,235.84988403320312,143.88999938964844
2023-01-25,139.62103271484375,97.18000030517578,234.4564666748047,144.42999267578125
2023-01-26,141.68788146972656,99.22000122070312,241.65745544433594,160.27000427246094
2023-01-27,143.62677001953125,102.23999786376953,241.81333923339844,177.89999389648438
2023-01-30,140.7430419921875,100.55000305175781,236.50274658203125,166.66000366210938
2023-01-31,142.01268005371094,103.12999725341797,241.47232055664062,173.22000122070312
2023-02-01,143.1346893310547,105.1500015258789,246.2859649658203,181.41000366210938
2023-02-02,148.43960571289062,112.91000366210938,257.8329772949219,188.27000427246094
2023-02-03,152.06158447265625,103.38999938964844,251.74281311035156,189.97999572753906
2023-02-06,149.33523559570312,102.18000030517578,250.2031707763672,194.75999450683594
2023-02-07,152.20916748046875,102.11000061035156,260.7171936035156,196.80999755859375
2023-02-08,149.52223205566406,100.05000305175781,259.9084777832031,201.2899932861328
2023-02-09,148.4888153076172,98.23999786376953,256.8779602050781,207.32000732421875
2023-02-10,148.85353088378906,97.61000061035156,256.3712463378906,196.88999938964844
2023-02-13,151.65296936035156,99.54000091552734,264.38104248046875,194.63999938964844
2023-02-14,151.01226806640625,99.69999694824219,265.2093200683594,209.25
2023-02-15,153.11183166503906,101.16000366210938,263.0895080566406,214.24000549316406
2023-02-16,151.5149688720703,98.1500015258789,256.08544921875,202.0399932861328
2023-02-17,150.37156677246094,97.19999694824219,252.09002685546875,208.30999755859375
2023-02-21,146.35963439941406,94.58000183105469,246.82469177246094,197.3699951171875
2023-02-22,146.78350830078125,95.79000091552734,245.6915283203125,200.86000061035156
2023-02-23,147.26651000976562,95.81999969482422,248.87612915039062,202.07000732421875
2023-02-24,144.61495971679688,93.5,243.4545135498047,196.8800048828125
2023-02-27,145.8076629638672,93.76000213623047,244.3727569580078,207.6300048828125
2023-02-28,145.30499267578125,94.2300033569336,243.64987182617188,205.7100067138672
2023-03-01,143.23492431640625,92.16999816894531,240.57276916503906,202.77000427246094
2023-03-02,143.82640075683594,92.12999725341797,245.30079650878906,190.89999389648438
2023-03-03,148.87327575683594,94.9000015258789,249.3841094970703,197.7899932861328
2023-03-06,151.63327026367188,93.75,250.92755126953125,193.80999755859375
2023-03-07,149.4351043701172,93.55000305175781,248.2704620361328,187.7100067138672
2023-03-08,150.68695068359375,93.91999816894531,247.8308868408203,182.0
2023-03-09,148.43951416015625,92.25,246.4828338623047,172.9199981689453
2023-03-10,146.37940979003906,90.7300033569336,242.83908081054688,173.44000244140625
2023-03-13,148.3212432861328,92.43000030517578,248.04580688476562,174.47999572753906
2023-03-14,150.41098022460938,94.87999725341797,254.7568359375,183.25999450683594
2023-03-15,150.8052978515625,96.19999694824219,259.2992858886719,180.4499969482422
2023-03-16,153.6244659423828,100.04000091552734,269.81036376953125,184.1300048828125
2023-03-17,152.7865753173828,98.94999694824219,272.9656066894531,180.1300048828125
2023-03-20,155.1522979736328,97.70999908447266,265.93218994140625,183.25
2023-03-21,157.0054168701172,100.61000061035156,267.4463195800781,197.5800018310547
2023-03-22,155.57615661621094,98.69999694824219,265.9908447265625,191.14999389648438
2023-03-23,156.66043090820312,98.70999908447266,271.236572265625,192.22000122070312
2023-03-24,157.96160888671875,98.12999725341797,274.0792541503906,190.41000366210938
2023-03-27,156.01971435546875,98.04000091552734,269.98614501953125,191.80999755859375
2023-03-28,155.39869689941406,97.23999786376953,268.8628234863281,189.19000244140625
2023-03-29,158.4741668701172,100.25,274.0206604003906,193.8800048828125
2023-03-30,160.0414581298828,102.0,277.4787292480469,195.27999877929688
2023-03-31,162.54519653320312,103.29000091552734,281.6304016113281,207.4600067138672
2023-04-03,163.79705810546875,102.41000366210938,280.5851745605469,194.77000427246094
2023-04-04,163.26478576660156,103.94999694824219,280.5363464355469,192.5800018310547
2023-04-05,161.4214630126953,101.0999984741211,277.7620849609375,185.52000427246094
2023-04-06,162.3086395263672,102.05999755859375,284.8540954589844,185.05999755859375
2023-04-10,159.71617126464844,102.16999816894531,282.69525146484375,184.50999450683594
2023-04-11,158.50372314453125,99.91999816894531,276.28692626953125,186.7899932861328
2023-04-12,157.81375122070312,97.83000183105469,276.93170166015625,180.5399932861328
2023-04-13,163.19573974609375,102.4000015258789,283.1347961425781,185.89999389648438
2023-04-14,162.85076904296875,102.51000213623047,279.52044677734375,185.0
2023-04-17,162.8704833984375,102.73999786376953,282.1188659667969,187.0399932861328
2023-04-18,164.09275817871094,102.30000305175781,281.6988220214844,184.30999755859375
2023-04-19,165.2362060546875,104.30000305175781,281.7769470214844,180.58999633789062
2023-04-20,164.27020263671875,103.80999755859375,279.4910583496094,162.99000549316406
2023-04-21,162.6634979248047,106.95999908447266,279.14923095703125,165.0800018310547
2023-04-24,162.96905517578125,106.20999908447266,275.25146484375,162.5500030517578
2023-04-25,161.43133544921875,102.56999969482422,269.04840087890625,160.6699981689453
2023-04-26,161.4214630126953,104.9800033569336,288.5368347167969,153.75
2023-04-27,166.00509643554688,109.81999969482422,297.7780456542969,160.19000244140625
2023-04-28,167.25692749023438,105.44999694824219,300.15179443359375,164.30999755859375
2023-05-01,167.16819763183594,102.05000305175781,298.4911193847656,161.8300018310547
2023-05-02,166.1331787109375,103.62999725341797,298.3446044921875,160.30999755859375
2023-05-03,165.0587615966797,103.6500015258789,297.3580017089844,160.61000061035156
2023-05-04,163.42245483398438,104.0,298.3446044921875,161.1999969482422
2023-05-05,171.09140014648438,105.66000366210938,303.46343994140625,170.05999755859375
2023-05-08,171.0224151611328,105.83000183105469,301.5096435546875,171.7899932861328
2023-05-09,169.3170928955078,106.62000274658203,299.8977966308594,169.14999389648438
2023-05-10,171.08154296875,110.19000244140625,305.08502197265625,168.5399932861328
2023-05-11,171.26881408691406,112.18000030517578,302.9359130859375,172.0800018310547
2023-05-12,170.34097290039062,110.26000213623047,301.82220458984375,167.97999572753906
2023-05-15,169.84744262695312,111.19999694824219,302.3009033203125,166.35000610351562
2023-05-16,169.84744262695312,113.4000015258789,304.5281677246094,166.52000427246094
2023-05-17,170.45938110351562,115.5,307.40643310546875,173.86000061035156
2023-05-18,172.78890991210938,118.1500015258789,311.8314514160156,176.88999938964844
2023-05-19,172.89749145507812,116.25,311.6553039550781,180.13999938964844
2023-05-22,171.9499053955078,115.01000213623047,314.4356384277344,188.8699951171875
2023-05-23,169.343994140625,114.98999786376953,308.6399230957031,185.77000427246094
2023-05-24,169.620361328125,116.75,307.25958251953125,182.89999389648438
2023-05-25,170.7555389404297,115.0,319.0761413574219,184.47000122070312
2023-05-26,173.1639862060547,120.11000061035156,325.8997802734375,193.1699981689453
2023-05-30,175.00987243652344,121.66000366210938,324.2550354003906,201.16000366210938
2023-05-31,174.9604949951172,120.58000183105469,321.4942626953125,203.92999267578125
2023-06-01,177.7637939453125,122.7699966430664,325.59625244140625,207.52000427246094
2023-06-02,178.61270141601562,124.25,328.3570251464844,213.97000122070312
2023-06-05,177.26040649414062,125.30000305175781,328.88568115234375,217.61000061035156
2023-06-06,176.8951873779297,126.61000061035156,326.6731262207031,221.30999755859375
2023-06-07,175.52313232421875,121.2300033569336,316.5894775390625,224.57000732421875
2023-06-08,178.23764038085938,124.25,318.42999267578125,234.86000061035156
2023-06-09,178.62257385253906,123.43000030517578,319.9278259277344,244.39999389648438
2023-06-12,181.416015625,126.56999969482422,324.881591796875,249.8300018310547
2023-06-13,180.94223022460938,126.66000366210938,327.2703552246094,258.7099914550781
2023-06-14,181.573974609375,126.41999816894531,330.25634765625,256.7900085449219
2023-06-15,183.60731506347656,127.11000061035156,340.79034423828125,255.89999389648438
2023-06-16,182.5314178466797,125.48999786376953,335.1415100097656,260.5400085449219
2023-06-20,182.62025451660156,125.77999877929688,330.9513854980469,274.45001220703125
2023-06-21,181.5838165283203,124.83000183105469,326.5556945800781,259.4599914550781
2023-06-22,184.5845489501953,130.14999389648438,332.5765380859375,264.6099853515625
2023-06-23,184.26869201660156,129.3300018310547,327.9850158691406,256.6000061035156
2023-06-26,182.8769073486328,127.33000183105469,321.69989013671875,241.0500030517578
2023-06-27,185.63087463378906,129.17999267578125,327.5444641113281,250.2100067138672
2023-06-28,186.80551147460938,129.0399932861328,328.797607421875,256.239990234375
2023-06-29,187.14111328125,127.9000015258789,328.0143737792969,257.5
2023-06-30,191.46453857421875,130.36000061035156,333.38916015625,261.7699890136719
2023-07-03,189.9740447998047,130.22000122070312,330.8926696777344,279.82000732421875
2023-07-05,188.858642578125,130.3800048828125,331.04925537109375,282.4800109863281
2023-07-06,189.33242797851562,128.36000061035156,334.10369873046875,276.5400085449219
2023-07-07,188.2169952392578,129.77999877929688,330.1388244628906,274.42999267578125
2023-07-10,186.17376708984375,127.12999725341797,324.86199951171875,269.6099853515625
2023-07-11,185.65060424804688,128.77999877929688,325.48858642578125,269.7900085449219
2023-07-12,187.3187713623047,130.8000030517578,330.11932373046875,271.989990234375
2023-07-13,188.07884216308594,134.3000030517578,335.464599609375,277.8999938964844
2023-07-14,188.22689819335938,134.67999267578125,337.99041748046875,281.3800048828125
2023-07-17,191.48426818847656,133.55999755859375,338.47015380859375,290.3800048828125
2023-07-18,191.22763061523438,132.8300018310547,351.9411926269531,293.3399963378906
2023-07-19,192.5799102783203,135.36000061035156,347.62384033203125,291.260009765625
2023-07-20,190.63539123535156,129.9600067138672,339.5862121582031,262.8999938964844
2023-07-21,189.46075439453125,130.0,336.55133056640625,260.0199890136719
2023-07-24,190.2602996826172,128.8000030517578,337.8631286621094,269.05999755859375
2023-07-25,191.11904907226562,129.1300048828125,343.60986328125,265.2799987792969
2023-07-26,191.9876708984375,128.14999389648438,330.6772155761719,264.3500061035156
2023-07-27,190.72421264648438,128.25,323.7753601074219,255.7100067138672
2023-07-28,193.3004913330078,132.2100067138672,331.26470947265625,266.44000244140625
2023-07-31,193.91249084472656,133.67999267578125,328.86614990234375,267.42999267578125
2023-08-01,193.08334350585938,131.69000244140625,329.2773132324219,261.07000732421875
2023-08-02,190.0924835205078,128.2100067138672,320.6229553222656,254.11000061035156
2023-08-03,188.70068359375,128.91000366210938,319.8006286621094,259.32000732421875
2023-08-04,179.6392822265625,139.57000732421875,320.8970947265625,253.86000061035156
2023-08-07,176.5398406982422,142.22000122070312,323.1781311035156,251.4499969482422
2023-08-08,177.47756958007812,139.94000244140625,319.2033996582031,249.6999969482422
2023-08-09,175.88833618164062,137.85000610351562,315.4636535644531,242.19000244140625
2023-08-10,175.6711883544922,138.55999755859375,316.1488952636719,245.33999633789062
2023-08-11,175.7305145263672,138.41000366210938,314.26922607421875,242.64999389648438
2023-08-14,177.3811492919922,140.57000732421875,317.2356262207031,239.75999450683594
2023-08-15,175.39443969726562,137.6699981689453,315.1013488769531,232.9600067138672
2023-08-16,174.52464294433594,135.07000732421875,314.33612060546875,225.60000610351562
2023-08-17,171.98440551757812,133.97999572753906,310.8827819824219,219.22000122070312
2023-08-18,172.46875,133.22000122070312,310.4903564453125,215.49000549316406
2023-08-21,173.8031005859375,134.67999267578125,315.7881164550781,231.27999877929688
2023-08-22,175.17697143554688,134.25,316.3571472167969,233.19000244140625
2023-08-23,179.02195739746094,135.52000427246094,320.8113098144531,236.86000061035156
2023-08-24,174.3368377685547,131.83999633789062,313.9142761230469,230.0399932861328
2023-08-25,176.541015625,133.25999450683594,316.86737060546875,238.58999633789062
2023-08-28,178.10269165039062,133.13999938964844,317.5736999511719,238.82000732421875
2023-08-29,181.98716735839844,134.91000366210938,322.1945495605469,257.17999267578125
2023-08-30,185.47630310058594,135.07000732421875,322.5673828125,256.8999938964844
2023-08-31,185.69371032714844,138.00999450683594,321.5567932128906,258.0799865722656
2023-09-01,187.26535034179688,138.1199951171875,322.4398193359375,245.00999450683594
2023-09-05,187.50254821777344,137.27000427246094,327.2372741699219,256.489990234375
2023-09-06,180.79119873046875,135.36000061035156,326.5799560546875,251.9199981689453
2023-09-07,175.503173828125,137.85000610351562,323.66619873046875,251.49000549316406
2023-09-08,176.11598205566406,138.22999572753906,327.94366455078125,248.5
2023-09-11,177.28231811523438,143.10000610351562,331.5442199707031,273.5799865722656
2023-09-12,174.25778198242188,141.22999572753906,325.4909362792969,267.4800109863281
2023-09-13,172.1919708251953,144.85000610351562,329.69970703125,271.29998779296875
2023-09-14,173.70423889160156,144.72000122070312,332.28985595703125,276.0400085449219
2023-09-15,172.98269653320312,140.38999938964844,323.97027587890625,274.3900146484375
2023-09-18,175.90843200683594,139.97999572753906,322.832275390625,265.2799987792969
2023-09-19,176.99569702148438,137.6300048828125,322.4300231933594,266.5
2023-09-20,173.45713806152344,135.2899932861328,314.6990966796875,262.5899963378906
2023-09-21,171.91519165039062,129.3300018310547,313.48260498046875,255.6999969482422
2023-09-22,172.76524353027344,129.1199951171875,311.01031494140625,244.8800048828125
2023-09-25,174.04031372070312,131.27000427246094,311.5302734375,246.99000549316406
2023-09-26,169.96804809570312,125.9800033569336,306.23248291015625,244.1199951171875
2023-09-27,168.4557342529297,125.9800033569336,306.8702392578125,240.5
2023-09-28,168.71275329589844,125.9800033569336,307.7041320800781,246.3800048828125
2023-09-29,169.22671508789062,127.12000274658203,309.774169921875,250.22000122070312
2023-10-02,171.73728942871094,129.4600067138672,315.70965576171875,251.60000610351562
2023-10-03,170.40292358398438,124.72000122070312,307.4588317871094,246.52999877929688
2023-10-04,171.64834594726562,127.0,312.92340087890625,261.1600036621094
2023-10-05,172.88388061523438,125.95999908447266,313.3158264160156,260.04998779296875
2023-10-06,175.43399047851562,127.95999908447266,321.06634521484375,260.5299987792969
2023-10-09,176.9166259765625,128.25999450683594,323.577880859375,259.6700134277344
2023-10-10,176.3235626220703,129.47999572753906,322.1749572753906,263.6199951171875
2023-10-11,177.71722412109375,131.8300018310547,326.128662109375,262.989990234375
2023-10-12,178.61668395996094,132.3300018310547,324.89251708984375,258.8699951171875
2023-10-13,176.77825927734375,129.7899932861328,321.5274353027344,251.1199951171875
2023-10-16,176.64971923828125,132.5500030517578,326.344482421875,253.9199981689453
2023-10-17,175.09791564941406,131.47000122070312,325.7754821777344,254.85000610351562
2023-10-18,173.8031005859375,128.1300048828125,323.86236572265625,242.67999267578125
2023-10-19,173.42750549316406,128.39999389648438,325.04949951171875,220.11000061035156
2023-10-20,170.8773956298828,125.16999816894531,320.4874572753906,211.99000549316406
2023-10-23,170.99600219726562,126.55999755859375,323.08734130859375,212.0800018310547
2023-10-24,171.43087768554688,128.55999755859375,324.2744445800781,216.52000427246094
2023-10-25,169.11801147460938,121.38999938964844,334.2225341796875,212.4199981689453
2023-10-26,164.9567413330078,119.56999969482422,321.6844177246094,205.75999450683594
2023-10-27,166.2713623046875,127.73999786376953,323.5680236816406,207.3000030517578
2023-10-30,168.31736755371094,132.7100067138672,330.9261169433594,197.36000061035156
2023-10-31,168.7918243408203,133.08999633789062,331.7109680175781,200.83999633789062
2023-11-01,171.95474243164062,137.0,339.52032470703125,205.66000366210938
2023-11-02,175.51304626464844,138.07000732421875,341.7278137207031,218.50999450683594
2023-11-03,174.6037139892578,138.60000610351562,346.1228942871094,219.9600067138672
2023-11-06,177.15380859375,139.74000549316406,349.7823791503906,219.27000427246094
2023-11-07,179.71380615234375,142.7100067138672,353.70660400390625,222.17999267578125
2023-11-08,180.77142333984375,142.0800018310547,356.32611083984375,222.11000061035156
2023-11-09,180.29698181152344,140.60000610351562,353.8636779785156,209.97999572753906
2023-11-10,184.48348999023438,143.55999755859375,362.6737365722656,214.64999389648438
2023-11-13,182.8999481201172,142.58999633789062,359.740234375,223.7100067138672
2023-11-14,185.51278686523438,145.8000030517578,363.2622985839844,237.41000366210938
2023-11-15,186.07693481445312,143.1999969482422,363.4097900390625,242.83999633789062
2023-11-16,187.7594757080078,142.8300018310547,369.7997131347656,233.58999633789062
2023-11-17,187.73965454101562,145.17999267578125,363.5867614746094,234.3000030517578
2023-11-20,189.48155212402344,146.1300048828125,371.0482177734375,235.60000610351562
2023-11-21,188.679931640625,143.89999389648438,366.7521667480469,241.1999969482422
2023-11-22,189.34298706054688,146.7100067138672,371.4512634277344,234.2100067138672
2023-11-24,188.01678466796875,146.74000549316406,371.038330078125,235.4499969482422
2023-11-27,187.83865356445312,147.72999572753906,372.1983642578125,236.0800018310547
2023-11-28,188.4423828125,147.02999877929688,376.21917724609375,246.72000122070312
2023-11-29,187.4229736328125,146.32000732421875,372.434326171875,244.13999938964844
2023-11-30,187.9969940185547,146.08999633789062,372.4933166503906,240.0800018310547
2023-12-01,189.27374267578125,147.02999877929688,368.16778564453125,238.8300018310547
2023-12-04,187.48233032226562,144.83999633789062,362.8888244628906,235.5800018310547
2023-12-05,191.4313201904297,146.8800048828125,366.21148681640625,238.72000122070312
2023-12-06,190.3426513671875,144.52000427246094,362.55450439453125,239.3699951171875
2023-12-07,192.2725830078125,146.8800048828125,364.66815185546875,242.63999938964844
2023-12-08,193.6977996826172,147.4199981689453,367.8926086425781,243.83999633789062
2023-12-11,191.1938018798828,145.88999938964844,365.0121765136719,239.74000549316406
2023-12-12,192.7080535888672,147.47999572753906,368.0400390625,237.00999450683594
2023-12-13,195.9246368408203,148.83999633789062,368.0301818847656,239.2899932861328
2023-12-14,196.0731201171875,147.4199981689453,359.7331237792969,251.0500030517578
2023-12-15,195.53866577148438,149.97000122070312,364.45184326171875,253.5
2023-12-18,193.87594604492188,154.07000732421875,366.33929443359375,252.0800018310547
2023-12-19,194.9151153564453,153.7899932861328,366.93896484375,257.2200012207031
2023-12-20,192.8268280029297,152.1199951171875,364.3437194824219,247.13999938964844
2023-12-21,192.6783447265625,153.83999633789062,367.2142333984375,254.5
2023-12-22,191.60948181152344,153.4199981689453,368.2366027832031,252.5399932861328
2023-12-26,191.06512451171875,153.41000366210938,368.3153076171875,256.6099853515625
2023-12-27,191.16409301757812,153.33999633789062,367.73529052734375,261.44000244140625
2023-12-28,191.58966064453125,153.3800048828125,368.9248046875,253.17999267578125
2023-12-29,190.5504913330078,151.94000244140625,369.67193603515625,248.47999572753906
